{
  "project_info": {
    "project_number": "211760965813",
    "project_id": "wastemanagementnew02",
    "storage_bucket": "wastemanagementnew02.firebasestorage.app"
  },
  "client": [
    {
      "client_info": {
        "mobilesdk_app_id": "1:211760965813:android:d85bf420414545bc4af6fc",
        "android_client_info": {
          "package_name": "com.example.wastemanagement"
        }
      },
      "oauth_client": [],
      "api_key": [
        {
          "current_key": "AIzaSyAsO6HaWYSMDSBgww02hv4pxO7f-KrY3j4"
        }
      ],
      "services": {
        "appinvite_service": {
          "other_platform_oauth_client": []
        }
      }
    }
  ],
  "configuration_version": "1"
}